model,experiment,num_students,gaze_accuracy,motor_accuracy,gaze_distance,motor_distance,workload_diff,curiosity_diff,focus_diff,engagement,confusion,choice_similarity,answer_accuracy,correct_answers
GPT-3.5,Real (التنبؤ),301,23.17479762317826,24.48145194259025,0.33507951523013874,0.29008122051169566,0.2407006321565328,0.2460292058037237,0.26056242668270513,0.19576086096693923,0.17968735020057372,46.98821389020724,55.562051459061415,44.62146380751032
GPT-3.5,Sim (التوليد),300,22.08303435840098,19.16091341839766,0.33979504325972987,0.31476740364653544,0.3225779419662732,0.35196853211997087,0.29663197657209445,0.36543242506829104,0.324780838071845,46.396897546897534,55.355796055796056,55.44949494949495
GPT-4o Mini,Real (التنبؤ),301,16.10415724290158,19.85309445212337,0.36784429034739524,0.3139175772154407,0.16836906784010955,0.21345822415149893,0.2574409163227115,0.1485591762218356,0.08852445654984456,61.81163797442868,65.93929326487466,83.75364945132387
GPT-4o Mini,Sim (التوليد),300,15.247018210570134,20.90894188058878,0.3680840687088894,0.31147403751766106,0.24300694877709864,0.42331329476169915,0.34650557779275604,0.4735959167044365,0.31836627017264085,61.05808080808082,65.84848484848486,83.40404040404039
Llama 3.1,Real (التنبؤ),301,19.479437314102256,20.791509379022006,0.35389021460441117,0.3174903606000144,0.2155789879385847,0.26950182172676856,0.2766008909178537,0.11051739003719097,0.06298219386080713,45.13587464584142,55.32544236863174,33.814054162891374
Llama 3.1,Sim (التوليد),300,17.438774624325976,15.495868140283903,0.36678580906943353,0.34667466394265034,0.3867116875524547,0.5599690205611006,0.43668195420437,0.4114542424664792,0.3137253839447988,44.624037999037995,55.14410774410775,35.9520202020202
Qwen2.5 7B (عربي),Real (التنبؤ),301,15.32119275924373,17.944995494934,0.3853979866522775,0.33404917231205217,0.17864202735671006,0.22891389512851296,0.2446646609384258,0.0716734063614373,0.037781347782759274,57.38041305317053,61.96085199407458,72.76502567200241
Qwen2.5 7B (عربي),Sim (التوليد),300,16.951252046633293,18.33661299618472,0.3678253929315513,0.33189493052622226,0.22256589852449868,0.39353128224595413,0.36894117835372275,0.41406100688897257,0.24776886870805878,56.79772727272727,61.146212121212116,76.3080808080808
